City / Centre,Craft / Speciality,Category,GI status,Artisan hub / market,Artisan community,What it is,Tourism relevance,District,Source
Ajmer / Kishangarh,Kishangarh marble craft,Stone & Marble,No GI / unverified,Kishangarh marble mandi,Silawat & marble-carving artisans,"India's largest marble market; carved idols, inlay and marble artefacts",Wholesale-scale; workshop visits possible en route Jaipur-Ajmer,Ajmer,https://www.facebook.com/rajasthantourism/posts/a-proud-moment-for-rajasthans-rich-handicraft-heritage-as-the-iconic-jodhpur-moj/1500428972127724/
Ajmer / Kishangarh,Kishangarh Bani Thani miniature painting,Painting & Art,No GI / unverified,Kishangarh artist studios,Kishangarh painter families,"Kishangarh school miniature painting, famous for the stylised Bani Thani female figure",Collector art; reproductions widely sold to tourists,Ajmer,https://www.swantour.com/blogs/information-on-arts-and-crafts-of-rajasthan
Bagru (Jaipur),Bagru mud-resist (dabu) block print,Block Printing; Textile & Tie-dye,GI tagged,Bagru village printing yards,Chhipa community,"Natural-dye block printing using dabu mud-resist; earthy reds, indigo and black",Day-trip craft experience from Jaipur,Jaipur,https://itokri.com/blogs/craft-masala-by-itokri/exploring-the-gorgeous-sanganeri-block-print-art-that-amazed-the-world
Barmer,Ajrakh & Barmer block prints,Block Printing; Textile & Tie-dye,No GI / unverified,"Barmer printing units, Balotra dyeing belt",Chhipa & Khatri printers,Resist block printing in madder red and indigo; Barmer prints and Ajrakh are regional signatures,Balotra/Barmer textile trail; export-quality fabric,Barmer,https://ruralhandmade.com/blog/geographical-indications-and-the-traditional-crafts-of
Barmer,Barmer appliqué & mirror embroidery,Embroidery; Textile & Tie-dye,No GI / unverified,Barmer village SHG clusters,Rural women artisan groups,"Patchwork, appliqué and mirror-work on quilts, bags and wall hangings; Barmer appliqué is especially known",Sold at Barmer Thar Festival and craft haats,Barmer,https://www.swantour.com/blogs/information-on-arts-and-crafts-of-rajasthan
Barmer,Pattu weaving & khes blankets,Handloom Weaving,No GI / unverified,Barmer-Jaisalmer weaving villages,Meghwal weaver community,Hand-woven woollen pattu shawls and khes blankets suited to desert winters,Winter desert-tourism purchase,Barmer,https://ruralhandmade.com/blog/geographical-indications-and-the-traditional-crafts-of
Bharatpur,Bansi Paharpur red sandstone carving,Stone & Marble,No GI / unverified,Bansi Paharpur quarries and carving yards,Silawat / stone-carver artisans,"Pink-red sandstone quarried in Bayana tehsil, hand-carved into temple pillars, jaalis, idols and architectural panels",Same stone used in major temple projects - strong provenance story,Bharatpur (Bayana / Rupbas belt),https://m.indiamart.com/patel-stone-industries/bansi-paharpur-red.html
Bharatpur,Lacquered wood & local handloom of Deeg-Kaman belt,Wood & Furniture; Handloom Weaving,No GI / unverified,"Deeg, Kaman village workshops",Suthar & weaver households,Small-scale lacquer-turned wooden items and coarse cotton handloom weaving in villages around Deeg and Kaman,Add-on craft stop for Keoladeo Bird Sanctuary and Deeg Palace visitors; needs field verification,Bharatpur,https://www.swantour.com/blogs/information-on-arts-and-crafts-of-rajasthan
Bhilwara,Phad scroll painting,Painting & Art,GI tagged,"Joshi Kala Kunj / Chitrashala, Bhilwara; Shahpura","Joshi painter family (Shree Lal Joshi, Padma Shri; Kalyan Joshi, National Award)","700-year-old narrative scroll painting of Pabuji and Devnarayan legends; Pabuji phads run ~13 arm-lengths, Devnarayan phads nearly 30 feet",Live bhopa storytelling + painting demo is a ready-made cultural tourism product,Bhilwara / Shahpura,https://en.indian-art.ru/phad
Bhilwara,Bhilwara textile processing & hand-printed fabric,Textile & Tie-dye; Block Printing,No GI / unverified,"Bhilwara textile cluster, Gulabpura",Chhipa printers & mill-linked artisans,"Rajasthan's largest textile-processing city ('Textile City'); alongside mills, hand block printing and dyeing units continue in the district",Good contrast case: industrial textiles vs handmade craft authenticity,Bhilwara,https://rsisinternational.org/journals/ijriss/articles/nature-symbol-and-tradition-a-study-of-motif-vocabulary-in-balotra-block-prints-of-rajasthan
Bikaner,Usta Kala (sunehri munawwati naqqashi),Painting & Art; Leather & Footwear,GI tagged,"Usta artisan workshops, Bikaner old city",Usta family lineages,"400-year-old Persian-influenced gold-embossed painting on camel leather, wood, marble, glass and palace ceilings",Signature Bikaner craft; national-award artisans still take visitors,Bikaner,https://101reporters.com/article/art/GI_tag_is_no_quick_fix_for_Bikaner_Usta_Kalas_return_to_glory
Bikaner,"Camel leather craft (kuppi, lamps, bottles)",Leather & Footwear,No GI / unverified,Bikaner leather clusters,Usta & leather-working artisans,"Objects shaped from camel hide, often finished with Usta gold work and meenakari",Tied to camel-safari and Camel Festival tourism,Bikaner,https://en.wikipedia.org/wiki/Usta_art
Bikaner,Hand embroidery of Bikaner,Embroidery,GI tagged,Bikaner rural SHG clusters,Women artisan groups,Traditional Bikaner hand-embroidery given GI certification under a NABARD-supported project,"SHG-led, good for responsible-souvenir sourcing",Bikaner,https://testbook.com/question-answer/which-states-traditional-products-recently--68386a98120b7f22d0f29417
Bundi,Bundi school miniature painting,Painting & Art,No GI / unverified,"Bundi old city artist studios, Chitrashala (Garh Palace)",Hereditary Bundi painter families,"Distinct Rajasthani miniature school (from 1591 Ragamala onward) known for lush vegetation, wildlife, Ragini themes and mineral/vegetable pigments with silver and gold",Chitrashala murals in Bundi Palace are the anchor attraction for this craft trail,Bundi,https://www.insightsonindia.com/indian-heritage-culture/indian-paintings/rajasthani-school-of-painting/bundi-school-of-painting
Bundi,"Bundi bandhej, kota-doria linked weaving & lacquer bangles",Textile & Tie-dye; Handloom Weaving,No GI / unverified,"Sadar Bazaar, Bundi","Rangrez, weaver and Manihar households","Bundi shares the Hadoti textile belt with Kota - tie-dye, light cotton weaving and lac bangle work in local bazaars",Complements Kota Doria trail; needs field verification of active units,Bundi,https://en.wikipedia.org/wiki/Geographical_indications_in_India
Dholpur,Dholpur stone carving (Sarmathura sandstone),Stone & Marble,No GI / unverified,Sarmathura quarry belt and carving units,Stone-cutting and carving artisan families,"Widely exported 'Dholpur stone' - beige/red sandstone cut and carved into slabs, jaalis, fountains and temple elements",Industrial-scale craft; artisan carving units can be opened to visitors,Dholpur (Sarmathura),https://sandstonetemple.com/blog-red-sandstone-handicrafts-in-india/
Jaipur,Lakh ki chudiyan (lac bangles),Jewellery & Bangles,No GI / unverified,"Maniharon ka Rasta, Tripolia Bazaar",Manihar community,"Bangles made from natural lac resin, coloured and stone-studded; ~250-year-old craft, 20,000+ artisans, Rs 75-80 crore market",Classic live-demo craft for tourists; artisans sell direct in old city lanes,Jaipur,https://www.business-standard.com/industry/news/jaipur-s-lac-bangle-industry-shines-on-demand-worth-rs-75-80-crore-123101601020_1.html
Jaipur,Kaanch ki chudiyan / lac-work on glass bangles,Jewellery & Bangles,No GI / unverified,"Maniharon ka Rasta, Bapu Bazaar",Manihar community,Glass bangles decorated with lacquer and mirror work; Jaipur artisans now do fine lac work on Firozabad glass bangles,High-volume tourist souvenir; wide price range,Jaipur,https://www.business-standard.com/industry/news/jaipur-s-lac-bangle-industry-shines-on-demand-worth-rs-75-80-crore-123101601020_1.html
Jaipur,Blue Pottery of Jaipur,Pottery & Clay,GI tagged,"Neota, Kot Jewar, Sanganer road studios",Kumhar & traditional blue-pottery families,"Turquoise-blue glazed pottery of Turko-Persian origin, fired at low temperature using quartz dough instead of clay",Workshop visits and pottery-painting experiences are popular paid activities,Jaipur,https://ipindia.gov.in/frontend/pdf/gi/registered/Total_Registered_GI_details_of_GI_Application_in_India.pdf
Jaipur,Meenakari & kundan jewellery,Jewellery & Bangles; Metal Craft,No GI / unverified,"Johari Bazaar, Gopalji ka Rasta",Sonar / Meenakar families,Enamelling on gold/silver combined with kundan stone setting; Mughal-Rajput technique,Top-spend tourist purchase; also high counterfeiting risk,Jaipur,https://timesofindia.indiatimes.com/life-style/travel/10-things-to-buy-in-jaipur-a-complete-guide-to-buying-authentic-products-at-reasonable-prices/articleshow/125791805.cms
Jaipur,Gemstone cutting & polishing,Jewellery & Bangles,No GI / unverified,"Johari Bazaar, Chandpole, Gem Bhawan",Traditional lapidary families,World-scale hub for cutting emeralds and coloured stones; thousands of home-based karigars,Certification matters; fake-gem scams common with tourists,Jaipur,https://timesofindia.indiatimes.com/life-style/travel/10-things-to-buy-in-jaipur-a-complete-guide-to-buying-authentic-products-at-reasonable-prices/articleshow/125791805.cms
Jaipur,Kathputli (string puppets),Puppetry & Toys,GI tagged,"Bassi (Chittorgarh) supply chain, Jaipur haats",Bhat community,"Carved wooden string puppets with bright costumes, used in folk storytelling performances",Puppet shows are a staple of hotel and village-tourism evenings,Jaipur,https://ipindia.gov.in/frontend/pdf/gi/registered/Total_Registered_GI_details_of_GI_Application_in_India.pdf
Jaipur,Jaipuri razai (lightweight quilts),Textile & Tie-dye,No GI / unverified,"Bapu Bazaar, Johari Bazaar",Local quilt-making households,Very light cotton/lambswool-filled quilts with block-printed covers,Frequently shipped abroad by tourists,Jaipur,https://www.swantour.com/blogs/information-on-arts-and-crafts-of-rajasthan
Jaisalmer,Yellow-sandstone jali carving,Stone & Marble,No GI / unverified,Jaisalmer fort area stone workshops,Silawat stone-carver community,"Lattice (jali) and relief carving in local yellow sandstone, seen in havelis and sold as small artefacts",Directly tied to haveli sightseeing; miniatures sold as souvenirs,Jaisalmer,https://www.tourism.rajasthan.gov.in/barmer.html
Jaisalmer,"Patchwork, embroidery & camel-leather goods",Embroidery; Leather & Footwear,No GI / unverified,"Sadar Bazaar, Manak Chowk",Desert artisan households,"Mirror-work patchwork textiles, embroidered bags and camel-leather items sold along the desert circuit",Heavy tourist market - quality and price transparency are weak points,Jaisalmer,https://www.tourism.rajasthan.gov.in/barmer.html
Jaisalmer,Jaisalmer camel-wool pattu & mirror-work odhni,Handloom Weaving; Embroidery,No GI / unverified,Villages near Sam and Khuri dunes,Meghwal weavers & embroiderers,Desert handloom pattu shawls in sheep/camel wool and heavily mirrored odhnis woven and embroidered in villages around Jaisalmer,Sold at desert camps - ideal for verified artisan listings,Jaisalmer,https://ruralhandmade.com/blog/geographical-indications-and-the-traditional-crafts-of
Jhunjhunu (Shekhawati),Shekhawati fresco (haveli wall painting),Painting & Art,No GI / unverified,"Nawalgarh (Podar, Morarka havelis), Mandawa, Fatehpur",Chitera painters (Kumhar & Chhipa lineages),World's largest concentration of painted havelis; frescoes made by hereditary chitera painters from Kumhar and Chhipa communities,Shekhawati 'open-air art gallery' circuit; restoration work needs trained artisans,"Jhunjhunu - Nawalgarh, Mandawa, Mukundgarh",https://hiddenrajasthan.com/fresco-art-shekhawati.html
Jhunjhunu (Shekhawati),"Shekhawati tie-dye, leheriya & Jhunjhunu bandhej work",Textile & Tie-dye; Embroidery,No GI / unverified,"Jhunjhunu, Nawalgarh and Mandawa bazaars",Rangrez & local artisan households,"Local tie-dye odhnis, leheriya and embroidery sold in Shekhawati town bazaars alongside haveli tourism",Pairs with haveli homestays; product quality varies widely - verification useful,Jhunjhunu,https://en.wikipedia.org/wiki/Bandhani
Jodhpur,Jodhpur Bandhej,Textile & Tie-dye,GI tagged,"Kapda Bazaar, Sardar Market belt",Khatri / Rangrez dyers,"Jodhpur's distinctive tie-and-dye textile tradition, GI-certified with NABARD support",Sold around Clock Tower market to heavy tourist footfall,Jodhpur,https://testbook.com/question-answer/which-states-traditional-products-recently--68386a98120b7f22d0f29417
Jodhpur,Jodhpuri Mojari (juttis),Leather & Footwear; Embroidery,GI tagged,Mochi Bazaar; Gram Vikas Seva Sansthan clusters,Mochi community,Nearly 200-year-old hand-stitched embroidered leather footwear; ~Rs 100 crore domestic and Rs 10 crore export market,Top souvenir purchase; GI certificate now helps prove authenticity,Jodhpur,https://indianexpress.com/article/cities/jaipur/from-200-year-old-tradition-to-rs-100-crore-footwear-business-jodhpuri-mojaris-journey-to-global-recognition-10781242
Jodhpur,Carved wooden furniture & antique-finish woodwork,Wood & Furniture,No GI / unverified,"Boranada industrial area, Handicraft exporters' belt",Suthar (carpenter) community,Hand-carved sheesham/mango-wood furniture; Jodhpur is India's largest handicraft-furniture export hub,Export-oriented; showroom tours common for buyers,Jodhpur,https://www.facebook.com/rajasthantourism/posts/a-proud-moment-for-rajasthans-rich-handicraft-heritage-as-the-iconic-jodhpur-moj/1500428972127724/
Jodhpur,Bone & horn craft,Metal Craft; Wood & Furniture,No GI / unverified,"Jodhpur handicraft cluster (with Bikaner, Barmer)",Traditional bone-carving artisans,"Inlay and carved articles using camel bone and horn, used in boxes, handles and decor",Sold through exporter showrooms and craft melas,Jodhpur,https://www.facebook.com/rajasthantourism/posts/a-proud-moment-for-rajasthans-rich-handicraft-heritage-as-the-iconic-jodhpur-moj/1500428972127724/
Kota,Kota Doria weaving,Handloom Weaving; Textile & Tie-dye,GI tagged,"Kaithun village, Kota handloom cluster",Ansari weaver community,Ultra-light chequered khat weave of cotton and silk on pit looms; one of Rajasthan's earliest GI crafts (2004-05),Weaver-village visits; sarees are a prime tourist buy,Kota,https://en.wikipedia.org/wiki/Geographical_indications_in_India
Molela (Rajsamand),Molela terracotta votive plaques,Pottery & Clay,GI tagged,"Molela village, near Nathdwara",Kumhar community of Molela,"Hollow clay relief plaques of deities made from Banas river nada and alu clay, used by tribal communities as shrines",Village craft-tourism stop; murals popular as decor exports,Rajsamand,https://imp-art.org/articles/molela-terracotta
Nagaur,Ravanhatha (folk string instrument),Musical Instruments,GI tagged,Nagaur and Jodhpur folk-artist villages,Nayak / Bhopa folk musician communities,"Bowed folk instrument of coconut shell, bamboo and strings, played by folk balladeers; recently GI-tagged for Rajasthan",Performed at forts and desert camps; sold as playable souvenirs,Nagaur / Jodhpur belt,https://www.facebook.com/handicraftsdc/posts/the-jodhpur-mojari-craft-and-the-traditional-ravanhatha-of-rajasthan-have-been-o/1347864174119140
Nagaur,Nagaur leather jutti craft,Leather & Footwear; Embroidery,No GI / unverified,Nagaur jutti workshops and local mandis,Mochi / Regar artisan families,Hand-stitched leather juttis with embroidered uppers and handcrafted leather soles; Nagaur is a long-standing jutti-making centre in Marwar,Cheaper counterpart to Jodhpuri mojari; strong direct-from-artisan angle,Nagaur (Marwar),https://www.directcreate.com/craft/mojari
Nagaur,Nagauri handmade iron & agricultural tool craft,Metal Craft,No GI / unverified,Nagaur town smithies; Ramdeo Pashu Mela belt,Lohar (blacksmith) community,"Traditional blacksmith work in iron implements, utensils and tack (Nagaur is also India's big cattle-fair town, sustaining leather and iron work)",Tied to Nagaur Cattle Fair tourism; needs field verification,Nagaur,https://www.swantour.com/blogs/information-on-arts-and-crafts-of-rajasthan
Nathdwara (Rajsamand),Nathdwara Pichwai painting,Painting & Art,GI tagged,Nathdwara temple-town studios,Nathdwara painter lineages (9+ generations),"400-year-old temple-cloth paintings of Shrinathji hung behind the deity; highly detailed, natural pigments",Pilgrimage-plus-craft circuit from Udaipur; big collector market,Rajsamand,https://www.craftsnchisel.com/blogs/indian-handicraft/traditional-art-of-pichwai-painting
Pali,Sojat Mehndi (henna),Textile & Tie-dye,GI tagged,Sojat mehndi mandi and processing units,Farmer-processor clusters,"Henna grown in Sojat's arid soil, prized for dye quality; the first mehndi in the world to get a GI tag",Mehndi application is a core tourist experience - GI gives a verifiable authenticity hook,Pali (Sojat),https://www.facebook.com/infoudh/posts/sojat-mehndisojat-mehndi-is-a-unique-and-traditional-product-from-rajasthan-it-o/780247397444884/
Pali,Balotra / Jasol-Pali block printing & dyeing,Block Printing; Textile & Tie-dye,No GI / unverified,Pali dyeing-printing units; Balotra nearby,"Chhipa printers, Khatri dyers","Lesser-known but significant block-print tradition alongside Sanganer and Bagru; Pali, Akola, Balotra and Barmer form the western printing-dyeing belt (Luni river historically used for washing/dyeing)",Also an environmental story - river pollution now threatens the craft,Pali - Balotra belt,https://rsisinternational.org/journals/ijriss/articles/nature-symbol-and-tradition-a-study-of-motif-vocabulary-in-balotra-block-prints-of-rajasthan
Pratapgarh,Thewa art,Jewellery & Bangles; Metal Craft,GI tagged,Pratapgarh Thewa cluster,Raj Soni family,"Openwork gold sheet fused onto coloured glass; invented by Nathuji Soni, practised by the Raj Soni family",Very small artisan base - strong story for authenticity/provenance tracking,Pratapgarh,https://dcmsme.gov.in/dips/2016-17/pratapgarh.pdf
Sanganer (Jaipur),Sanganeri hand-block print,Block Printing; Textile & Tie-dye,GI tagged,"Sanganer town printing units, Amanishah nala belt",Chhipa printer community,Fine floral block prints in bright colours on white ground; historic royal-patronage printing town,Printing-workshop tours; also famous for handmade paper,Jaipur,https://gaatha.org/Craft-of-India/research-rajasthan-sanganeri-block-print/
Sawai Madhopur,Ranthambore School of Art (wildlife painting),Painting & Art,No GI / unverified,"Studio at Sawai Madhopur tourist hub, near Ranthambore",Locally trained artist collective,"Oil, watercolour and charcoal tiger/wildlife paintings by local artists trained under the Ranthambhore Foundation; artists earn ~Rs 2,000-4,000 per artwork",Directly monetises Ranthambore tiger tourism; conservation-linked income,Sawai Madhopur,https://www.livemint.com/Leisure/zS1MdEfSktiPQTWamRzN3L/Ranthambore-Foundation--Call-from-the-wild.html
Sawai Madhopur,Dastkar Ranthambore bandhani & craft revival,Textile & Tie-dye; Embroidery,No GI / unverified,"Dastkar Ranthambhore craft centre, Kutalpura",Village women artisan groups (SHG model),"Revived village bandhani, patchwork and stitching cluster; grew from 100 bandhani workers in 1991 to 2,000+, with 370+ artisans directly empowered",One of India's best-known craft-tourism outlets beside a tiger reserve,Sawai Madhopur,https://www.dastkar.org/dastkar-ranthambore/
Udaipur,Safa / pagdi (turban tying & turban cloth),Textile & Tie-dye,No GI / unverified,"Bada Bazaar, Bapu Bazaar, Hathi Pol",Rangrez (dyers) & turban specialists,"Mewari turbans in leheriya, mothra and bandhej cloth; specialist tiers and cloth dyers",Turban-tying demos and wedding/photo tourism demand,Udaipur,https://en.wikipedia.org/wiki/Bandhani
Udaipur,Leheriya tie-dye,Textile & Tie-dye,No GI / unverified,"Hathi Pol, Bada Bazaar",Rangrez community,"Diagonal wave-pattern tie-dye on thin cotton/silk, made by rolling and binding the cloth",Iconic monsoon/festival wear sold to visitors,Udaipur,https://en.wikipedia.org/wiki/Bandhani
Udaipur,Bandhani (bandhej) tie-dye,Textile & Tie-dye,No GI / unverified,"Hathi Pol, Chetak Circle textile shops",Khatri & Rangrez communities,"Tie-dye with tiny tied dots forming motifs on dark grounds; Udaipur is a major Rajasthan centre alongside Jaipur, Ajmer and Bikaner",Easy-to-carry textile souvenir,Udaipur,https://imp-art.org/articles/bandhani
Udaipur,Koftgiri (gold/silver inlay on weapons & steel),Metal Craft,GI tagged,Udaipur old-city metal workshops,Sikligar / Usta-linked metal artisan families,"Fine gold and silver wire inlay engraved into steel, traditionally on swords, shields, daggers and armour",Explains the 'rifles/weapons' speciality of Udaipur; decorative arms sold as heritage collectibles,Udaipur,https://testbook.com/question-answer/which-states-traditional-products-recently--68386a98120b7f22d0f29417
Udaipur,"Traditional weapons & armour craft (swords, shields, matchlocks)",Metal Craft,No GI / unverified,Old city armoury workshops near City Palace,Sikligar community,Hand-forged and decorated Rajput arms; today mostly decorative replicas with koftgiri/meenakari finishing,Sold near City Palace; export rules apply to genuine antique arms,Udaipur,https://www.ripaonline.com/bikaner-usta-kala-craft/
